<?xml version="1.0" encoding="UTF-8"?>
<!DOCTYPE configuration PUBLIC "-//mybatis.org//DTD Config 3.0//EN" "http://mybatis.org/dtd/mybatis-3-config.dtd">
<configuration>
    <typeAliases>
        <typeAlias type="com.liang.model.Manager" alias="manager"></typeAlias>
    </typeAliases>


    <environments default="development">
             <environment id="development">
                 <transactionManager type="JDBC" />
                 <!-- 配置数据库连接信息 -->
                 <dataSource type="POOLED">
                     <property name="driver" value="com.mysql.jdbc.Driver" />
                    <property name="url" value="jdbc:mysql://115.29.203.53:3306/carjn" />
                     <property name="username" value="arthur" />
                     <property name="password" value="arthur" />
                 </dataSource>
             </environment>
    </environments>
    <mappers>
        <mapper resource="managerMapper.xml"></mapper><!--mapper配置文件方式-->
        <mapper class="com.liang.service.manager.manager.ManagerService"></mapper><!--注解方式-->
    </mappers>
</configuration>