<?xml version="1.0" encoding="UTF-8"?>
 <beans xmlns="http://www.springframework.org/schema/beans"
        xmlns:xsi="http://www.w3.org/2001/XMLSchema-instance" xmlns:p="http://www.springframework.org/schema/p"
        xmlns:context="http://www.springframework.org/schema/context"
        xmlns:mvc="http://www.springframework.org/schema/mvc"
        xsi:schemaLocation="http://www.springframework.org/schema/beans
                        http://www.springframework.org/schema/beans/spring-beans-3.1.xsd
                         http://www.springframework.org/schema/context
                        http://www.springframework.org/schema/context/spring-context-3.1.xsd
                         http://www.springframework.org/schema/mvc
                         http://www.springframework.org/schema/mvc/spring-mvc-4.0.xsd">
     <!-- 自动扫描该包，使SpringMVC认为包下用了@controller注解的类是控制器 -->
     <context:component-scan base-package="com.liang.controller" />
    <!-- 启动SpringMVC的注解功能，完成请求和注解POJO的映射 -->
     <!--<bean-->
         <!--class="org.springframework.web.servlet.mvc.annotation.AnnotationMethodHandlerAdapter">-->
         <!--<property name="messageConverters">-->
             <!--<list>-->
                <!--<ref bean="mappingJacksonHttpMessageConverter" /> &lt;!&ndash; JSON转换器 &ndash;&gt;-->
             <!--</list>-->
         <!--</property>-->
     <!--</bean>-->



        <!--输出jsp-->
    <!-- 定义跳转的文件的前后缀 ，视图模式配置-->
    <bean id="viewResolve" class="org.springframework.web.servlet.view.InternalResourceViewResolver">
        <!--构造输出url-->
        <property name="prefix" value="/WEB-INF/jsp/"/>
        <property name="suffix" value=".jsp"/>
        <property name="order" value="1"/>
    </bean>

</beans>
