<?xml version="1.0" encoding="UTF-8"?>
<beans xmlns="http://www.springframework.org/schema/beans"
       xmlns:xsi="http://www.w3.org/2001/XMLSchema-instance" xmlns:p="http://www.springframework.org/schema/p"
       xmlns:context="http://www.springframework.org/schema/context"
       xsi:schemaLocation="http://www.springframework.org/schema/beans http://www.springframework.org/schema/beans/spring-beans-2.5.xsd http://www.springframework.org/schema/context http://www.springframework.org/schema/context/spring-context.xsd">
<!--如果某个上下文需要调用其他的上下文，只能放到同一个spring文件中，对于不是web的程序-->
       <!--<bean id="managerService"-->
             <!--class="org.springframework.remoting.rmi.RmiServiceExporter">-->
              <!--&lt;!&ndash;serviceName&ndash;&gt;-->
              <!--<property name="serviceName" value="managerService"></property>-->
              <!--&lt;!&ndash;service实现类&ndash;&gt;-->
              <!--<property name="service" ref="managerServiceImpl"></property>-->
              <!--&lt;!&ndash;service接口&ndash;&gt;-->
              <!--<property name="serviceInterface" value="com.liang.service.ManagerService"/>-->
              <!--&lt;!&ndash;注册端口号&ndash;&gt;-->
              <!--&lt;!&ndash;<property name="registryHost" value="127.0.0.1"/>&ndash;&gt;-->
              <!--<property name="registryPort" value="8020"/>-->
              <!--&lt;!&ndash;给服务注册端口号&ndash;&gt;-->
              <!--<property name="servicePort" value="8030"/>-->
       <!--</bean>-->
       <!--<bean id="managerServiceImpl" class="com.liang.service.impl.ManagerServiceImpl"></bean>-->

</beans>