<?xml version="1.0" encoding="UTF-8"?>
 <beans xmlns="http://www.springframework.org/schema/beans"
        xmlns:xsi="http://www.w3.org/2001/XMLSchema-instance" xmlns:p="http://www.springframework.org/schema/p"
        xmlns:context="http://www.springframework.org/schema/context"
        xmlns:mvc="http://www.springframework.org/schema/mvc"
         xsi:schemaLocation="http://www.springframework.org/schema/beans
         http://www.springframework.org/schema/beans/spring-beans-3.1.xsd
                        http://www.springframework.org/schema/context
                         http://www.springframework.org/schema/context/spring-context-3.1.xsd
                        http://www.springframework.org/schema/mvc
                        http://www.springframework.org/schema/mvc/spring-mvc-4.0.xsd">
    <!--spring扫描包下的类-->
<context:component-scan base-package="com.liang"/>
    <!--加载jdbc.properties:可以加载多个配置文件,key值可以相同 这个方式用不了，也许是配置的不对-->
    <!--<context:property-placeholder location="jdbc.properties"/>-->
    <!--<context:property-placeholder location="jdbc1.properties"/>-->
    <!--加载配置文件另一种方法-->
    <bean id="propertyConfigurer" class="org.springframework.beans.factory.config.PropertyPlaceholderConfigurer">
        <property name="locations">
            <list>
                <value>jdbc1.properties</value>
                <value>jdbc.properties</value>
            </list>
        </property>
    </bean>

    <!--配置jdbc-->
    <bean id="dataSource" class="org.apache.commons.dbcp.BasicDataSource">
        <property name="driverClassName" value="${driver}"></property>
        <property name="url" value="${url}"></property>
        <property name="username" value="${username}"></property>
        <property name="password" value="${password}"/>
        <property name="initialSize" value="${initialSize}"></property>
        <property name="maxActive" value="${maxActive}"></property>
        <property name="maxIdle" value="${maxIdle}"></property>
        <property name="minIdle" value="${minIdle}"></property>
        <property name="maxWait" value="${maxWait}"></property>
    </bean>
    <!--配置sqlSessionFactory-->
    <bean id="sqlSessionFactory" class="org.mybatis.spring.SqlSessionFactoryBean">
        <property name="dataSource" ref="dataSource"/>
        <!-- 自动扫描mapping.xml文件 ：mapper.xml是在build sqlSessionFactory的时候加载的，所以要配置在这里，注解的话不需要配置-->
        <!--<property name="mapperLocations" value="mapper/*.xml"/>-->
    </bean>
    <!--方式一-->
    <!--配置mapper接口，也叫DAO接口-->
    <!--<bean id="managerMapper" class="org.mybatis.spring.mapper.MapperFactoryBean">-->
        <!--<property name="mapperInterface" value="com.liang.dao.ManagerMapper"/>-->
        <!--<property name="sqlSessionFactory" ref="sqlSessionFactory"/>-->
    <!--</bean>-->
    <!--<bean id="roleMapper" class="org.mybatis.spring.mapper.MapperFactoryBean">-->
        <!--<property name="sqlSessionFactory" ref="sqlSessionFactory"/>-->
        <!--<property name="mapperInterface" value="com.liang.dao.RoleMapper"/>-->
    <!--</bean>-->

    <!--方式二-->
    <!--<bean class="org.mybatis.spring.mapper.MapperScannerConfigurer">-->
        <!--<property name="basePackage" value="com.liang.dao"/>-->
        <!--<property name="sqlSessionFactoryBeanName" value="sqlSessionFactory"/>-->
    <!--</bean>-->


    <!--方式三-->
    <bean class="org.mybatis.spring.mapper.MapperScannerConfigurer">
        <property name="basePackage" value="com.liang.dao"/>
        <property name="sqlSessionFactoryBeanName" value="sqlSessionFactory"/>
        <!--接口-->
        <!--<property name="markerInterface" value="com.liang.dao.BaseMapper"/>-->
        <!--注解   接口或者注解，两者只能选一个-->
        <property name="annotationClass" value="com.liang.dao.LiangAnnotation"/>
    </bean>


    <!--配置事务管理-->
    <bean id="transactionManager" class="org.springframework.jdbc.datasource.DataSourceTransactionManager">
        <property name="dataSource" ref="dataSource" />
    </bean>


</beans>